,TP,FP,TN,FN,Precision,Accuracy,Recall,F1_score,FPR,Specificity
0,130,19,126,17,0.87248322147651,0.8767123287671232,0.8843537414965986,0.8783783783783783,0.1310344827586207,0.8689655172413793
