,TP,FP,TN,FN,Precision,Accuracy,Recall,F1_score,FPR,Specificity
0,138,11,134,9,0.9261744966442953,0.9315068493150684,0.9387755102040817,0.9324324324324326,0.07586206896551724,0.9241379310344827
