,TP,FP,TN,FN,Precision,Accuracy,Recall,F1_score,FPR,Specificity
0,138,17,128,9,0.8903225806451613,0.910958904109589,0.9387755102040817,0.913907284768212,0.11724137931034483,0.8827586206896552
