,TP,FP,TN,FN,Precision,Accuracy,Recall,F1_score,FPR,Specificity
0,138,13,132,9,0.9139072847682119,0.9246575342465754,0.9387755102040817,0.9261744966442954,0.0896551724137931,0.9103448275862069
