,TP,FP,TN,FN,Precision,Accuracy,Recall,F1_score,FPR,Specificity
0,138,14,131,9,0.9078947368421053,0.9212328767123288,0.9387755102040817,0.923076923076923,0.09655172413793103,0.903448275862069
