,Rate,Accuracy,F_score
2,0.0,[0.89041096],[0.88965517]
3,0.1,[0.87328767],[0.87457627]
4,0.2,[0.83219178],[0.8164794]
5,0.3,[0.80479452],[0.77470356]
6,0.4,[0.75342466],[0.70731707]
7,0.5,[0.71917808],[0.63392857]
8,0.6,[0.74657534],[0.67826087]
9,0.7,[0.79452055],[0.83050847]
