,Rate,Accuracy,F_score
26,0.0,[0.68835616],[0.56872038]
27,0.1,[0.68150685],[0.55924171]
28,0.2,[0.61986301],[0.40641711]
29,0.3,[0.76369863],[0.7250996]
30,0.4,[0.66780822],[0.52216749]
31,0.5,[0.67123288],[0.52941176]
32,0.6,[0.78082192],[0.77931034]
33,0.7,[0.51027397],[0.67276888]
