,TP,FP,TN,FN,Precision,Accuracy,Recall,F1_score,FPR,Specificity
0,147,62,83,0,0.7033492822966507,0.7876712328767124,1.0,0.8258426966292135,0.42758620689655175,0.5724137931034483
