,TP,FP,TN,FN,Precision,Accuracy,Recall,F1_score,FPR,Specificity
0,98,8,137,49,0.9245283018867925,0.8047945205479452,0.6666666666666666,0.774703557312253,0.05517241379310345,0.9448275862068966
