,TP,FP,TN,FN,Precision,Accuracy,Recall,F1_score,FPR,Specificity
0,78,5,140,69,0.9397590361445783,0.7465753424657534,0.5306122448979592,0.6782608695652174,0.034482758620689655,0.9655172413793104
