,TP,FP,TN,FN,Precision,Accuracy,Recall,F1_score,FPR,Specificity
0,129,14,131,18,0.9020979020979021,0.8904109589041096,0.8775510204081632,0.8896551724137932,0.09655172413793103,0.903448275862069
