,TP,FP,TN,FN,Precision,Accuracy,Recall,F1_score,FPR,Specificity
0,145,41,104,2,0.7795698924731183,0.8527397260273972,0.9863945578231292,0.8708708708708709,0.2827586206896552,0.7172413793103448
