,TP,FP,TN,FN,Precision,Accuracy,Recall,F1_score,FPR,Specificity
0,71,6,139,76,0.922077922077922,0.7191780821917808,0.48299319727891155,0.6339285714285714,0.041379310344827586,0.9586206896551724
