,TP,FP,TN,FN,Precision,Accuracy,Recall,F1_score,FPR,Specificity
0,109,15,130,38,0.8790322580645161,0.8184931506849316,0.7414965986394558,0.8044280442804429,0.10344827586206896,0.896551724137931
