,TP,FP,TN,FN,Precision,Accuracy,Recall,F1_score,FPR,Specificity
0,91,13,132,56,0.875,0.7636986301369864,0.6190476190476191,0.7250996015936256,0.0896551724137931,0.9103448275862069
