,TP,FP,TN,FN,Precision,Accuracy,Recall,F1_score,FPR,Specificity
0,59,5,140,88,0.921875,0.6815068493150684,0.4013605442176871,0.5592417061611374,0.034482758620689655,0.9655172413793104
