,TP,FP,TN,FN,Precision,Accuracy,Recall,F1_score,FPR,Specificity
0,53,3,142,94,0.9464285714285714,0.6678082191780822,0.36054421768707484,0.5221674876847291,0.020689655172413793,0.9793103448275862
