,TP,FP,TN,FN,Precision,Accuracy,Recall,F1_score,FPR,Specificity
0,143,37,108,4,0.7944444444444444,0.8595890410958904,0.9727891156462585,0.8746177370030581,0.25517241379310346,0.7448275862068965
