,TP,FP,TN,FN,Precision,Accuracy,Recall,F1_score,FPR,Specificity
0,109,11,134,38,0.9083333333333333,0.8321917808219178,0.7414965986394558,0.8164794007490637,0.07586206896551724,0.9241379310344827
