,TP,FP,TN,FN,Precision,Accuracy,Recall,F1_score,FPR,Specificity
0,146,35,110,1,0.8066298342541437,0.8767123287671232,0.9931972789115646,0.8902439024390244,0.2413793103448276,0.7586206896551724
