,TP,FP,TN,FN,Precision,Accuracy,Recall,F1_score,FPR,Specificity
0,129,19,126,18,0.8716216216216216,0.8732876712328768,0.8775510204081632,0.8745762711864407,0.1310344827586207,0.8689655172413793
