,TP,FP,TN,FN,Precision,Accuracy,Recall,F1_score,FPR,Specificity
0,136,40,105,11,0.7727272727272727,0.8253424657534246,0.9251700680272109,0.8421052631578948,0.27586206896551724,0.7241379310344828
