,TP,FP,TN,FN,Precision,Accuracy,Recall,F1_score,FPR,Specificity
0,143,34,111,4,0.807909604519774,0.8698630136986302,0.9727891156462585,0.882716049382716,0.23448275862068965,0.7655172413793103
