,TP,FP,TN,FN,Precision,Accuracy,Recall,F1_score,FPR,Specificity
0,147,143,2,0,0.506896551724138,0.5102739726027398,1.0,0.6727688787185355,0.9862068965517241,0.01379310344827589
