,TP,FP,TN,FN,Precision,Accuracy,Recall,F1_score,FPR,Specificity
0,120,22,123,27,0.8450704225352113,0.8321917808219178,0.8163265306122449,0.8304498269896193,0.15172413793103448,0.8482758620689655
