,TP,FP,TN,FN,Precision,Accuracy,Recall,F1_score,FPR,Specificity
0,87,12,133,60,0.8787878787878788,0.7534246575342466,0.5918367346938775,0.7073170731707316,0.08275862068965517,0.9172413793103449
