,TP,FP,TN,FN,Precision,Accuracy,Recall,F1_score,FPR,Specificity
0,60,4,141,87,0.9375,0.6883561643835616,0.40816326530612246,0.5687203791469195,0.027586206896551724,0.9724137931034482
