,TP,FP,TN,FN,Precision,Accuracy,Recall,F1_score,FPR,Specificity
0,111,9,136,36,0.925,0.8458904109589042,0.7551020408163265,0.8314606741573034,0.06206896551724138,0.9379310344827586
