,TP,FP,TN,FN,Precision,Accuracy,Recall,F1_score,FPR,Specificity
0,103,14,131,44,0.8803418803418803,0.8013698630136986,0.7006802721088435,0.7803030303030303,0.09655172413793103,0.903448275862069
