,TP,FP,TN,FN,Precision,Accuracy,Recall,F1_score,FPR,Specificity
0,113,30,115,34,0.7902097902097902,0.7808219178082192,0.7687074829931972,0.7793103448275861,0.20689655172413793,0.7931034482758621
