,TP,FP,TN,FN,Precision,Accuracy,Recall,F1_score,FPR,Specificity
0,139,17,128,8,0.8910256410256411,0.9143835616438356,0.9455782312925171,0.9174917491749176,0.11724137931034483,0.8827586206896552
