,TP,FP,TN,FN,Precision,Accuracy,Recall,F1_score,FPR,Specificity
0,143,38,107,4,0.7900552486187845,0.8561643835616438,0.9727891156462585,0.8719512195121952,0.2620689655172414,0.7379310344827585
