,TP,FP,TN,FN,Precision,Accuracy,Recall,F1_score,FPR,Specificity
0,107,14,131,40,0.8842975206611571,0.815068493150685,0.7278911564625851,0.7985074626865671,0.09655172413793103,0.903448275862069
