,TP,FP,TN,FN,Precision,Accuracy,Recall,F1_score,FPR,Specificity
0,147,60,85,0,0.7101449275362319,0.7945205479452054,1.0,0.8305084745762712,0.41379310344827586,0.5862068965517242
