,TP,FP,TN,FN,Precision,Accuracy,Recall,F1_score,FPR,Specificity
0,98,16,129,49,0.8596491228070176,0.7773972602739726,0.6666666666666666,0.7509578544061303,0.1103448275862069,0.8896551724137931
