,TP,FP,TN,FN,Precision,Accuracy,Recall,F1_score,FPR,Specificity
0,54,3,142,93,0.9473684210526315,0.6712328767123288,0.3673469387755102,0.5294117647058824,0.020689655172413793,0.9793103448275862
