,TP,FP,TN,FN,Precision,Accuracy,Recall,F1_score,FPR,Specificity
0,119,9,136,28,0.9296875,0.8732876712328768,0.8095238095238095,0.8654545454545454,0.06206896551724138,0.9379310344827586
