,TP,FP,TN,FN,Precision,Accuracy,Recall,F1_score,FPR,Specificity
0,38,2,143,109,0.95,0.6198630136986302,0.2585034013605442,0.4064171122994652,0.013793103448275862,0.9862068965517241
