,TP,FP,TN,FN,Precision,Accuracy,Recall,F1_score,FPR,Specificity
0,581,581,6,0,0.5,0.502568493150685,1.0,0.6666666666666666,0.989778534923339,0.010221465076660996
