,TP,FP,TN,FN,Precision,Accuracy,Recall,F1_score,FPR,Specificity
0,138,15,130,9,0.9019607843137255,0.9178082191780822,0.9387755102040817,0.92,0.10344827586206896,0.896551724137931
