,TP,FP,TN,FN,Precision,Accuracy,Recall,F1_score,FPR,Specificity
0,139,14,131,8,0.908496732,0.924657534,0.945578231,0.926666667,0.096551724,0.903448276
