,TP,FP,TN,FN,Precision,Accuracy,Recall,F1_score,FPR,Specificity
0,140,14,131,7,0.9090909090909091,0.928082191780822,0.9523809523809523,0.9302325581395349,0.09655172413793103,0.903448275862069
